-- MySQL dump 10.13  Distrib 5.7.24, for Win64 (x86_64)
--
-- Host: localhost    Database: nmt_fleet_manager
-- ------------------------------------------------------
-- Server version	5.7.24

/*!40101 SET @OLD_CHARACTER_SET_CLIENT=@@CHARACTER_SET_CLIENT */;
/*!40101 SET @OLD_CHARACTER_SET_RESULTS=@@CHARACTER_SET_RESULTS */;
/*!40101 SET @OLD_COLLATION_CONNECTION=@@COLLATION_CONNECTION */;
/*!40101 SET NAMES utf8 */;
/*!40103 SET @OLD_TIME_ZONE=@@TIME_ZONE */;
/*!40103 SET TIME_ZONE='+00:00' */;
/*!40014 SET @OLD_UNIQUE_CHECKS=@@UNIQUE_CHECKS, UNIQUE_CHECKS=0 */;
/*!40014 SET @OLD_FOREIGN_KEY_CHECKS=@@FOREIGN_KEY_CHECKS, FOREIGN_KEY_CHECKS=0 */;
/*!40101 SET @OLD_SQL_MODE=@@SQL_MODE, SQL_MODE='NO_AUTO_VALUE_ON_ZERO' */;
/*!40111 SET @OLD_SQL_NOTES=@@SQL_NOTES, SQL_NOTES=0 */;

--
-- Table structure for table `fuel_purchases`
--

DROP TABLE IF EXISTS `fuel_purchases`;
/*!40101 SET @saved_cs_client     = @@character_set_client */;
/*!40101 SET character_set_client = utf8 */;
CREATE TABLE `fuel_purchases` (
  `id` bigint(20) unsigned NOT NULL AUTO_INCREMENT,
  `vehicle_id` bigint(20) unsigned NOT NULL DEFAULT '0',
  `rental_id` bigint(20) unsigned NOT NULL DEFAULT '0',
  `amount` decimal(4,1) unsigned NOT NULL DEFAULT '0.0',
  `cost` decimal(4,1) unsigned NOT NULL DEFAULT '0.0',
  `created` datetime NOT NULL DEFAULT CURRENT_TIMESTAMP,
  `updated` datetime DEFAULT NULL ON UPDATE CURRENT_TIMESTAMP,
  PRIMARY KEY (`id`),
  KEY `vehicle_id` (`vehicle_id`),
  KEY `rental_id` (`rental_id`),
  CONSTRAINT `fuel_purchases_ibfk_1` FOREIGN KEY (`vehicle_id`) REFERENCES `vehicles` (`id`) ON DELETE CASCADE,
  CONSTRAINT `fuel_purchases_ibfk_2` FOREIGN KEY (`rental_id`) REFERENCES `rentals` (`id`) ON DELETE CASCADE
) ENGINE=InnoDB AUTO_INCREMENT=301 DEFAULT CHARSET=utf8mb4;
/*!40101 SET character_set_client = @saved_cs_client */;

--
-- Dumping data for table `fuel_purchases`
--

LOCK TABLES `fuel_purchases` WRITE;
/*!40000 ALTER TABLE `fuel_purchases` DISABLE KEYS */;
INSERT INTO `fuel_purchases` VALUES (1,1,1,36.5,49.2,'2019-12-05 10:23:20',NULL),(2,1,2,40.7,55.0,'2019-12-05 10:23:20',NULL),(3,1,3,2.0,2.6,'2019-12-05 10:23:20',NULL),(4,1,4,38.2,51.6,'2019-12-05 10:23:20',NULL),(5,1,5,9.7,13.1,'2019-12-05 10:23:20',NULL),(6,1,6,47.8,64.6,'2019-12-05 10:23:20',NULL),(7,1,7,2.2,3.0,'2019-12-05 10:23:20',NULL),(8,1,8,54.6,73.7,'2019-12-05 10:23:20',NULL),(9,1,9,1.7,2.3,'2019-12-05 10:23:20',NULL),(10,1,10,69.4,93.7,'2019-12-05 10:23:20',NULL),(11,1,11,58.8,79.3,'2019-12-05 10:23:20',NULL),(12,1,12,10.9,14.7,'2019-12-05 10:23:20',NULL),(13,1,13,47.8,64.6,'2019-12-05 10:23:20',NULL),(14,1,14,43.7,59.0,'2019-12-05 10:23:20',NULL),(15,1,15,1.6,2.2,'2019-12-05 10:23:20',NULL),(16,1,16,78.5,105.9,'2019-12-05 10:23:20',NULL),(17,1,17,67.0,90.4,'2019-12-05 10:23:20',NULL),(18,1,18,63.4,85.5,'2019-12-05 10:23:20',NULL),(19,1,19,47.9,64.6,'2019-12-05 10:23:20',NULL),(20,2,20,57.2,77.2,'2019-12-05 10:23:20',NULL),(21,2,21,60.5,81.6,'2019-12-05 10:23:20',NULL),(22,2,22,10.3,13.9,'2019-12-05 10:23:20',NULL),(23,2,23,57.6,77.7,'2019-12-05 10:23:20',NULL),(24,2,24,1.8,2.5,'2019-12-05 10:23:20',NULL),(25,2,25,67.0,90.4,'2019-12-05 10:23:20',NULL),(26,2,26,79.9,107.9,'2019-12-05 10:23:20',NULL),(27,2,27,61.2,82.6,'2019-12-05 10:23:20',NULL),(28,2,28,2.1,2.8,'2019-12-05 10:23:20',NULL),(29,2,29,2.0,2.7,'2019-12-05 10:23:20',NULL),(30,2,30,60.8,82.0,'2019-12-05 10:23:20',NULL),(31,2,31,39.1,52.7,'2019-12-05 10:23:20',NULL),(32,3,32,21.3,28.8,'2019-12-05 10:23:20',NULL),(33,3,33,21.3,28.8,'2019-12-05 10:23:20',NULL),(34,3,34,11.5,15.6,'2019-12-05 10:23:20',NULL),(35,3,35,47.5,64.1,'2019-12-05 10:23:20',NULL),(36,3,36,24.0,32.4,'2019-12-05 10:23:20',NULL),(37,3,37,2.1,2.8,'2019-12-05 10:23:20',NULL),(38,3,38,54.6,73.7,'2019-12-05 10:23:20',NULL),(39,3,39,66.3,89.6,'2019-12-05 10:23:20',NULL),(40,3,40,21.3,28.8,'2019-12-05 10:23:20',NULL),(41,3,41,60.1,81.2,'2019-12-05 10:23:20',NULL),(42,3,42,12.5,16.8,'2019-12-05 10:23:20',NULL),(43,3,43,10.1,13.6,'2019-12-05 10:23:20',NULL),(44,3,44,75.6,102.0,'2019-12-05 10:23:20',NULL),(45,3,45,76.3,103.0,'2019-12-05 10:23:20',NULL),(46,4,46,43.3,58.4,'2019-12-05 10:23:20',NULL),(47,4,47,58.9,79.5,'2019-12-05 10:23:20',NULL),(48,4,48,59.5,80.4,'2019-12-05 10:23:20',NULL),(49,4,49,12.4,16.7,'2019-12-05 10:23:20',NULL),(50,4,50,58.9,79.5,'2019-12-05 10:23:20',NULL),(51,4,51,1.8,2.4,'2019-12-05 10:23:20',NULL),(52,4,52,12.8,17.3,'2019-12-05 10:23:20',NULL),(53,4,53,10.7,14.4,'2019-12-05 10:23:20',NULL),(54,4,54,67.7,91.4,'2019-12-05 10:23:20',NULL),(55,4,55,41.6,56.1,'2019-12-05 10:23:20',NULL),(56,4,56,35.7,48.2,'2019-12-05 10:23:20',NULL),(57,4,57,82.1,110.8,'2019-12-05 10:23:20',NULL),(58,4,58,24.4,33.0,'2019-12-05 10:23:20',NULL),(59,5,59,2.3,3.1,'2019-12-05 10:23:20',NULL),(60,5,60,31.7,42.8,'2019-12-05 10:23:20',NULL),(61,5,61,13.6,18.3,'2019-12-05 10:23:20',NULL),(62,5,62,40.3,54.4,'2019-12-05 10:23:20',NULL),(63,5,63,1.9,2.6,'2019-12-05 10:23:20',NULL),(64,5,64,63.9,86.2,'2019-12-05 10:23:20',NULL),(65,5,65,65.1,87.9,'2019-12-05 10:23:20',NULL),(66,5,66,1.7,2.3,'2019-12-05 10:23:20',NULL),(67,5,67,13.7,18.5,'2019-12-05 10:23:20',NULL),(68,5,68,25.6,34.5,'2019-12-05 10:23:20',NULL),(69,5,69,67.6,91.2,'2019-12-05 10:23:20',NULL),(70,5,70,39.5,53.3,'2019-12-05 10:23:20',NULL),(71,5,71,45.8,61.8,'2019-12-05 10:23:20',NULL),(72,5,72,13.1,17.7,'2019-12-05 10:23:20',NULL),(73,5,73,12.1,16.8,'2019-12-05 10:23:20',NULL),(74,5,74,33.0,44.5,'2019-12-05 10:23:20',NULL),(75,5,75,2.1,2.8,'2019-12-05 10:23:20',NULL),(76,5,76,75.6,102.0,'2019-12-05 10:23:20',NULL),(77,5,77,48.9,66.0,'2019-12-05 10:23:20',NULL),(78,5,78,69.4,93.7,'2019-12-05 10:23:20',NULL),(79,6,79,24.6,33.3,'2019-12-05 10:23:20',NULL),(80,6,80,43.7,59.0,'2019-12-05 10:23:20',NULL),(81,6,81,12.6,17.0,'2019-12-05 10:23:20',NULL),(82,6,82,23.3,31.5,'2019-12-05 10:23:20',NULL),(83,6,83,44.9,60.7,'2019-12-05 10:23:20',NULL),(84,6,84,69.8,94.3,'2019-12-05 10:23:20',NULL),(85,6,85,1.7,2.2,'2019-12-05 10:23:20',NULL),(86,6,86,17.8,24.1,'2019-12-05 10:23:20',NULL),(87,6,87,18.0,24.4,'2019-12-05 10:23:20',NULL),(88,6,88,24.4,33.0,'2019-12-05 10:23:20',NULL),(89,6,89,63.2,85.4,'2019-12-05 10:23:20',NULL),(90,7,90,29.8,40.2,'2019-12-05 10:23:20',NULL),(91,7,91,58.9,79.5,'2019-12-05 10:23:20',NULL),(92,7,92,2.3,3.1,'2019-12-05 10:23:20',NULL),(93,7,93,77.0,104.0,'2019-12-05 10:23:20',NULL),(94,7,94,34.2,46.2,'2019-12-05 10:23:20',NULL),(95,7,95,18.9,25.5,'2019-12-05 10:23:20',NULL),(96,7,96,50.2,67.8,'2019-12-05 10:23:20',NULL),(97,7,97,10.3,13.9,'2019-12-05 10:23:20',NULL),(98,7,98,73.4,99.1,'2019-12-05 10:23:20',NULL),(99,7,99,31.0,41.9,'2019-12-05 10:23:20',NULL),(100,7,100,22.2,30.0,'2019-12-05 10:23:20',NULL),(101,7,101,52.5,70.1,'2019-12-05 10:23:20',NULL),(102,7,102,34.2,46.2,'2019-12-05 10:23:20',NULL),(103,8,103,75.6,102.0,'2019-12-05 10:23:20',NULL),(104,8,104,52.5,70.9,'2019-12-05 10:23:20',NULL),(105,8,105,59.5,80.4,'2019-12-05 10:23:20',NULL),(106,8,106,11.8,15.9,'2019-12-05 10:23:20',NULL),(107,8,107,2.5,2.9,'2019-12-05 10:23:20',NULL),(108,8,108,20.2,27.3,'2019-12-05 10:23:20',NULL),(109,8,109,48.9,66.0,'2019-12-05 10:23:20',NULL),(110,8,110,1.7,2.3,'2019-12-05 10:23:20',NULL),(111,8,111,24.2,32.6,'2019-12-05 10:23:20',NULL),(112,8,112,71.3,96.2,'2019-12-05 10:23:20',NULL),(113,8,113,1.8,2.5,'2019-12-05 10:23:20',NULL),(114,8,114,21.3,28.8,'2019-12-05 10:23:20',NULL),(115,8,115,44.7,60.4,'2019-12-05 10:23:20',NULL),(116,8,116,17.8,24.1,'2019-12-05 10:23:20',NULL),(117,8,117,57.7,77.8,'2019-12-05 10:23:20',NULL),(118,8,118,31.4,42.3,'2019-12-05 10:23:20',NULL),(119,8,119,65.7,88.7,'2019-12-05 10:23:20',NULL),(120,8,120,45.8,61.8,'2019-12-05 10:23:20',NULL),(121,8,121,2.3,3.1,'2019-12-05 10:23:20',NULL),(122,9,122,30.4,41.0,'2019-12-05 10:23:20',NULL),(123,9,123,81.4,109.8,'2019-12-05 10:23:20',NULL),(124,9,124,13.8,18.6,'2019-12-05 10:23:20',NULL),(125,9,125,75.6,102.0,'2019-12-05 10:23:20',NULL),(126,9,126,42.8,57.8,'2019-12-05 10:23:20',NULL),(127,9,127,72.7,98.2,'2019-12-05 10:23:20',NULL),(128,9,128,21.1,28.5,'2019-12-05 10:23:20',NULL),(129,9,129,18.0,24.4,'2019-12-05 10:23:20',NULL),(130,9,130,33.3,44.9,'2019-12-05 10:23:20',NULL),(131,9,131,50.4,68.1,'2019-12-05 10:23:20',NULL),(132,9,132,1.9,2.5,'2019-12-05 10:23:20',NULL),(133,9,133,1.8,2.5,'2019-12-05 10:23:20',NULL),(134,9,134,49.6,66.9,'2019-12-05 10:23:20',NULL),(135,9,135,23.3,31.5,'2019-12-05 10:23:20',NULL),(136,9,136,52.1,70.3,'2019-12-05 10:23:20',NULL),(137,9,137,1.7,2.3,'2019-12-05 10:23:20',NULL),(138,9,138,20.0,27.0,'2019-12-05 10:23:20',NULL),(139,9,139,59.0,79.7,'2019-12-05 10:23:20',NULL),(140,9,140,32.1,43.5,'2019-12-05 10:23:20',NULL),(141,9,141,46.3,62.5,'2019-12-05 10:23:20',NULL),(142,10,142,18.7,25.2,'2019-12-05 10:23:20',NULL),(143,10,143,12.1,16.2,'2019-12-05 10:23:20',NULL),(144,10,144,21.8,29.4,'2019-12-05 10:23:20',NULL),(145,10,145,2.1,2.8,'2019-12-05 10:23:20',NULL),(146,10,146,62.6,84.5,'2019-12-05 10:23:20',NULL),(147,10,147,21.8,29.4,'2019-12-05 10:23:20',NULL),(148,10,148,34.4,46.5,'2019-12-05 10:23:20',NULL),(149,10,149,50.4,68.1,'2019-12-05 10:23:20',NULL),(150,10,150,1.6,2.2,'2019-12-05 10:23:20',NULL),(151,10,151,78.5,105.9,'2019-12-05 10:23:20',NULL),(152,10,152,41.6,56.1,'2019-12-05 10:23:20',NULL),(153,10,153,61.9,83.6,'2019-12-05 10:23:20',NULL),(154,10,154,39.5,53.3,'2019-12-05 10:23:20',NULL),(155,10,155,18.3,24.7,'2019-12-05 10:23:20',NULL),(156,11,156,2.1,2.9,'2019-12-05 10:23:20',NULL),(157,11,157,2.1,2.8,'2019-12-05 10:23:20',NULL),(158,11,158,2.2,2.9,'2019-12-05 10:23:20',NULL),(159,11,159,10.6,14.3,'2019-12-05 10:23:20',NULL),(160,11,160,67.0,90.4,'2019-12-05 10:23:20',NULL),(161,11,161,20.5,27.6,'2019-12-05 10:23:20',NULL),(162,11,162,52.7,71.1,'2019-12-05 10:23:20',NULL),(163,11,163,18.3,24.7,'2019-12-05 10:23:20',NULL),(164,11,164,41.6,56.1,'2019-12-05 10:23:20',NULL),(165,11,165,10.6,14.3,'2019-12-05 10:23:20',NULL),(166,11,166,2.0,2.6,'2019-12-05 10:23:20',NULL),(167,12,167,61.4,82.9,'2019-12-05 10:23:20',NULL),(168,12,168,69.4,93.7,'2019-12-05 10:23:20',NULL),(169,12,169,2.0,2.7,'2019-12-05 10:23:20',NULL),(170,12,170,120.0,150.0,'2019-12-05 10:23:20',NULL),(171,12,171,33.9,45.8,'2019-12-05 10:23:20',NULL),(172,12,172,59.5,80.4,'2019-12-05 10:23:20',NULL),(173,12,173,1.8,2.4,'2019-12-05 10:23:20',NULL),(174,12,174,1.8,2.4,'2019-12-05 10:23:20',NULL),(175,12,175,2.1,2.8,'2019-12-05 10:23:20',NULL),(176,12,176,20.2,27.3,'2019-12-05 10:23:20',NULL),(177,12,177,31.4,42.3,'2019-12-05 10:23:20',NULL),(178,13,178,58.9,79.5,'2019-12-05 10:23:20',NULL),(179,13,179,2.1,2.8,'2019-12-05 10:23:20',NULL),(180,13,180,20.5,27.6,'2019-12-05 10:23:20',NULL),(181,13,181,73.4,99.1,'2019-12-05 10:23:20',NULL),(182,13,182,9.8,13.3,'2019-12-05 10:23:20',NULL),(183,13,183,34.4,46.5,'2019-12-05 10:23:20',NULL),(184,13,184,18.5,24.9,'2019-12-05 10:23:20',NULL),(185,13,185,1.8,2.4,'2019-12-05 10:23:20',NULL),(186,13,186,54.1,73.0,'2019-12-05 10:23:20',NULL),(187,13,187,22.4,30.3,'2019-12-05 10:23:20',NULL),(188,14,188,23.5,31.8,'2019-12-05 10:23:20',NULL),(189,14,189,26.9,36.3,'2019-12-05 10:23:20',NULL),(190,14,190,36.8,49.6,'2019-12-05 10:23:20',NULL),(191,14,191,49.9,67.4,'2019-12-05 10:23:20',NULL),(192,14,192,2.0,2.8,'2019-12-05 10:23:20',NULL),(193,14,193,47.5,64.1,'2019-12-05 10:23:20',NULL),(194,14,194,59.8,80.7,'2019-12-05 10:23:20',NULL),(195,14,195,46.8,63.1,'2019-12-05 10:23:20',NULL),(196,14,196,23.1,31.2,'2019-12-05 10:23:20',NULL),(197,14,197,77.0,104.0,'2019-12-05 10:23:20',NULL),(198,14,198,1.8,2.4,'2019-12-05 10:23:20',NULL),(199,14,199,77.8,105.0,'2019-12-05 10:23:20',NULL),(200,15,200,31.0,41.9,'2019-12-05 10:23:20',NULL),(201,15,201,34.4,46.5,'2019-12-05 10:23:20',NULL),(202,15,202,79.2,106.9,'2019-12-05 10:23:20',NULL),(203,15,203,65.7,88.7,'2019-12-05 10:23:20',NULL),(204,15,204,11.9,16.0,'2019-12-05 10:23:20',NULL),(205,15,205,59.8,80.7,'2019-12-05 10:23:20',NULL),(206,15,206,56.4,76.2,'2019-12-05 10:23:20',NULL),(207,15,207,2.3,3.1,'2019-12-05 10:23:20',NULL),(208,15,208,13.8,18.6,'2019-12-05 10:23:20',NULL),(209,15,209,63.2,85.4,'2019-12-05 10:23:20',NULL),(210,15,210,2.1,2.8,'2019-12-05 10:23:20',NULL),(211,15,211,50.2,67.8,'2019-12-05 10:23:20',NULL),(212,15,212,2.2,2.9,'2019-12-05 10:23:20',NULL),(213,15,213,59.3,80.0,'2019-12-05 10:23:20',NULL),(214,15,214,49.4,66.6,'2019-12-05 10:23:20',NULL),(215,15,215,33.0,44.5,'2019-12-05 10:23:20',NULL),(216,15,216,10.0,13.4,'2019-12-05 10:23:20',NULL),(217,15,217,11.5,15.6,'2019-12-05 10:23:20',NULL),(218,16,218,63.4,85.5,'2019-12-05 10:23:20',NULL),(219,16,219,40.7,55.0,'2019-12-05 10:23:20',NULL),(220,16,220,38.2,51.6,'2019-12-05 10:23:20',NULL),(221,16,221,66.3,89.6,'2019-12-05 10:23:20',NULL),(222,16,222,50.4,68.1,'2019-12-05 10:23:20',NULL),(223,16,223,11.8,15.9,'2019-12-05 10:23:20',NULL),(224,16,224,12.4,16.7,'2019-12-05 10:23:20',NULL),(225,16,225,22.9,30.9,'2019-12-05 10:23:20',NULL),(226,16,226,47.3,63.9,'2019-12-05 10:23:20',NULL),(227,16,227,75.6,102.0,'2019-12-05 10:23:20',NULL),(228,16,228,25.6,34.5,'2019-12-05 10:23:20',NULL),(229,16,229,12.0,16.0,'2019-12-05 10:23:20',NULL),(230,16,230,23.5,31.8,'2019-12-05 10:23:20',NULL),(231,16,231,31.7,42.8,'2019-12-05 10:23:20',NULL),(232,16,232,73.4,99.1,'2019-12-05 10:23:20',NULL),(233,16,233,12.8,17.3,'2019-12-05 10:23:20',NULL),(234,17,234,2.1,2.8,'2019-12-05 10:23:20',NULL),(235,17,235,12.1,16.4,'2019-12-05 10:23:20',NULL),(236,17,236,42.4,56.6,'2019-12-05 10:23:20',NULL),(237,17,237,49.4,66.6,'2019-12-05 10:23:20',NULL),(238,17,238,51.0,68.8,'2019-12-05 10:23:20',NULL),(239,17,239,55.2,74.5,'2019-12-05 10:23:20',NULL),(240,17,240,25.1,33.9,'2019-12-05 10:23:20',NULL),(241,17,241,10.3,13.9,'2019-12-05 10:23:20',NULL),(242,17,242,72.0,97.0,'2019-12-05 10:23:20',NULL),(243,17,243,1.6,2.2,'2019-12-05 10:23:20',NULL),(244,17,244,55.1,74.4,'2019-12-05 10:23:20',NULL),(245,17,245,41.2,55.6,'2019-12-05 10:23:20',NULL),(246,17,246,55.1,74.4,'2019-12-05 10:23:20',NULL),(247,18,247,47.8,64.6,'2019-12-05 10:23:20',NULL),(248,18,248,55.2,74.5,'2019-12-05 10:23:20',NULL),(249,18,249,57.2,77.2,'2019-12-05 10:23:20',NULL),(250,18,250,53.3,72.0,'2019-12-05 10:23:20',NULL),(251,18,251,2.2,2.9,'2019-12-05 10:23:20',NULL),(252,18,252,72.2,97.5,'2019-12-05 10:23:20',NULL),(253,18,253,51.0,68.8,'2019-12-05 10:23:20',NULL),(254,18,254,29.1,39.3,'2019-12-05 10:23:20',NULL),(255,18,255,22.7,30.6,'2019-12-05 10:23:20',NULL),(256,18,256,34.4,46.5,'2019-12-05 10:23:20',NULL),(257,19,257,39.1,52.7,'2019-12-05 10:23:20',NULL),(258,19,258,58.9,79.5,'2019-12-05 10:23:20',NULL),(259,19,259,45.8,61.8,'2019-12-05 10:23:20',NULL),(260,19,260,12.8,17.3,'2019-12-05 10:23:20',NULL),(261,19,261,74.9,101.1,'2019-12-05 10:23:20',NULL),(262,19,262,36.1,48.8,'2019-12-05 10:23:20',NULL),(263,19,263,42.1,56.9,'2019-12-05 10:23:20',NULL),(264,19,264,73.4,99.1,'2019-12-05 10:23:20',NULL),(265,19,265,40.7,55.0,'2019-12-05 10:23:20',NULL),(266,19,266,55.2,74.5,'2019-12-05 10:23:20',NULL),(267,19,267,1.6,2.2,'2019-12-05 10:23:20',NULL),(268,19,268,19.1,25.8,'2019-12-05 10:23:20',NULL),(269,19,269,36.1,48.8,'2019-12-05 10:23:20',NULL),(270,19,270,10.2,13.7,'2019-12-05 10:23:20',NULL),(271,19,271,21.1,28.5,'2019-12-05 10:23:20',NULL),(272,19,272,33.6,45.3,'2019-12-05 10:23:20',NULL),(273,19,273,2.2,3.0,'2019-12-05 10:23:20',NULL),(274,19,274,36.5,49.2,'2019-12-05 10:23:20',NULL),(275,19,275,1.9,2.6,'2019-12-05 10:23:20',NULL),(276,19,276,34.0,45.9,'2019-12-05 10:23:20',NULL),(277,19,277,10.7,14.4,'2019-12-05 10:23:20',NULL),(278,20,278,43.7,59.0,'2019-12-05 10:23:20',NULL),(279,20,279,1.7,2.3,'2019-12-05 10:23:20',NULL),(280,20,280,46.6,62.9,'2019-12-05 10:23:20',NULL),(281,20,281,45.2,61.1,'2019-12-05 10:23:20',NULL),(282,20,282,1.9,2.5,'2019-12-05 10:23:20',NULL),(283,20,283,36.5,49.2,'2019-12-05 10:23:20',NULL),(284,20,284,75.6,102.0,'2019-12-05 10:23:20',NULL),(285,20,285,55.1,74.4,'2019-12-05 10:23:20',NULL),(286,20,286,23.1,31.2,'2019-12-05 10:23:20',NULL),(287,20,287,59.0,79.7,'2019-12-05 10:23:20',NULL),(288,20,288,10.2,13.7,'2019-12-05 10:23:20',NULL),(289,21,289,44.7,60.4,'2019-12-05 10:23:20',NULL),(290,21,290,10.3,13.9,'2019-12-05 10:23:20',NULL),(291,21,291,44.7,60.4,'2019-12-05 10:23:20',NULL),(292,21,292,29.8,40.2,'2019-12-05 10:23:20',NULL),(293,21,293,19.6,26.4,'2019-12-05 10:23:20',NULL),(294,21,294,21.1,28.5,'2019-12-05 10:23:20',NULL),(295,21,295,20.7,27.9,'2019-12-05 10:23:20',NULL),(296,21,296,21.3,28.8,'2019-12-05 10:23:20',NULL),(297,21,297,11.4,15.3,'2019-12-05 10:23:20',NULL),(298,21,298,36.5,49.3,'2019-12-05 10:23:20',NULL),(299,21,299,44.1,59.5,'2019-12-05 10:23:20',NULL),(300,21,300,26.2,35.4,'2019-12-05 10:23:20',NULL);
/*!40000 ALTER TABLE `fuel_purchases` ENABLE KEYS */;
UNLOCK TABLES;

--
-- Table structure for table `rentals`
--

DROP TABLE IF EXISTS `rentals`;
/*!40101 SET @saved_cs_client     = @@character_set_client */;
/*!40101 SET character_set_client = utf8 */;
CREATE TABLE `rentals` (
  `id` bigint(20) unsigned NOT NULL AUTO_INCREMENT,
  `vehicle_id` bigint(20) unsigned NOT NULL DEFAULT '0',
  `odometer_start` decimal(9,1) unsigned NOT NULL DEFAULT '0.0',
  `odometer_end` decimal(9,1) unsigned NOT NULL DEFAULT '0.0',
  `date_start` datetime NOT NULL DEFAULT CURRENT_TIMESTAMP,
  `date_end` datetime NOT NULL DEFAULT CURRENT_TIMESTAMP,
  `rental_type` varchar(1) NOT NULL,
  `created` datetime NOT NULL DEFAULT CURRENT_TIMESTAMP,
  `updated` datetime DEFAULT NULL ON UPDATE CURRENT_TIMESTAMP,
  PRIMARY KEY (`id`),
  KEY `vehicle_id` (`vehicle_id`),
  CONSTRAINT `rentals_ibfk_1` FOREIGN KEY (`vehicle_id`) REFERENCES `vehicles` (`id`) ON DELETE CASCADE
) ENGINE=InnoDB AUTO_INCREMENT=301 DEFAULT CHARSET=utf8mb4;
/*!40101 SET character_set_client = @saved_cs_client */;

--
-- Dumping data for table `rentals`
--

LOCK TABLES `rentals` WRITE;
/*!40000 ALTER TABLE `rentals` DISABLE KEYS */;
INSERT INTO `rentals` VALUES (1,1,500.0,820.0,'2014-10-17 00:00:00','2014-10-18 00:00:00','D','2019-12-05 10:23:20',NULL),(2,1,820.0,1240.0,'2015-01-12 00:00:00','2015-01-19 00:00:00','D','2019-12-05 10:23:20',NULL),(3,1,1240.0,1260.0,'2015-02-12 00:00:00','2015-02-16 00:00:00','K','2019-12-05 10:23:20',NULL),(4,1,1260.0,1680.0,'2015-05-11 00:00:00','2015-05-12 00:00:00','K','2019-12-05 10:23:20',NULL),(5,1,1680.0,1800.0,'2015-09-15 00:00:00','2015-09-17 00:00:00','K','2019-12-05 10:23:20',NULL),(6,1,1800.0,2320.0,'2016-01-16 00:00:00','2016-01-21 00:00:00','D','2019-12-05 10:23:20',NULL),(7,1,2320.0,2340.0,'2016-04-04 00:00:00','2016-04-11 00:00:00','K','2019-12-05 10:23:20',NULL),(8,1,2340.0,2860.0,'2016-05-30 00:00:00','2016-06-02 00:00:00','D','2019-12-05 10:23:20',NULL),(9,1,2860.0,2880.0,'2016-08-29 00:00:00','2016-09-02 00:00:00','D','2019-12-05 10:23:20',NULL),(10,1,2880.0,3500.0,'2017-02-05 00:00:00','2017-02-09 00:00:00','K','2019-12-05 10:23:20',NULL),(11,1,3500.0,4020.0,'2017-06-07 00:00:00','2017-06-12 00:00:00','D','2019-12-05 10:23:20',NULL),(12,1,4020.0,4140.0,'2017-10-02 00:00:00','2017-10-09 00:00:00','K','2019-12-05 10:23:20',NULL),(13,1,4140.0,4660.0,'2018-01-22 00:00:00','2018-01-24 00:00:00','D','2019-12-05 10:23:20',NULL),(14,1,4660.0,5180.0,'2018-07-17 00:00:00','2018-07-24 00:00:00','D','2019-12-05 10:23:20',NULL),(15,1,5180.0,5200.0,'2018-07-30 00:00:00','2018-07-31 00:00:00','K','2019-12-05 10:23:20',NULL),(16,1,5200.0,5920.0,'2018-10-29 00:00:00','2018-11-05 00:00:00','D','2019-12-05 10:23:20',NULL),(17,1,5920.0,6640.0,'2019-01-11 00:00:00','2019-01-14 00:00:00','D','2019-12-05 10:23:20',NULL),(18,1,6640.0,7360.0,'2019-05-27 00:00:00','2019-06-03 00:00:00','K','2019-12-05 10:23:20',NULL),(19,1,7360.0,7780.0,'2019-11-14 00:00:00','2019-11-16 00:00:00','K','2019-12-05 10:23:20',NULL),(20,2,900.0,1420.0,'2014-02-12 00:00:00','2014-02-19 00:00:00','K','2019-12-05 10:23:20',NULL),(21,2,1420.0,2140.0,'2014-08-10 00:00:00','2014-08-11 00:00:00','K','2019-12-05 10:23:20',NULL),(22,2,2140.0,2260.0,'2014-09-09 00:00:00','2014-09-09 00:00:00','K','2019-12-05 10:23:20',NULL),(23,2,2260.0,2980.0,'2015-02-22 00:00:00','2015-02-25 00:00:00','D','2019-12-05 10:23:20',NULL),(24,2,2980.0,3000.0,'2015-04-27 00:00:00','2015-05-01 00:00:00','D','2019-12-05 10:23:20',NULL),(25,2,3000.0,3620.0,'2015-05-10 00:00:00','2015-05-12 00:00:00','K','2019-12-05 10:23:20',NULL),(26,2,3620.0,4340.0,'2015-10-07 00:00:00','2015-10-09 00:00:00','K','2019-12-05 10:23:20',NULL),(27,2,4340.0,5060.0,'2015-11-20 00:00:00','2015-11-26 00:00:00','D','2019-12-05 10:23:20',NULL),(28,2,5060.0,5080.0,'2016-05-20 00:00:00','2016-05-26 00:00:00','D','2019-12-05 10:23:20',NULL),(29,2,5080.0,5100.0,'2016-10-03 00:00:00','2016-10-10 00:00:00','K','2019-12-05 10:23:20',NULL),(30,2,5100.0,5720.0,'2017-02-23 00:00:00','2017-02-25 00:00:00','K','2019-12-05 10:23:20',NULL),(31,2,5720.0,6140.0,'2017-05-15 00:00:00','2017-05-19 00:00:00','D','2019-12-05 10:23:20',NULL),(32,3,400.0,620.0,'2014-07-10 00:00:00','2014-07-17 00:00:00','D','2019-12-05 10:23:20',NULL),(33,3,620.0,840.0,'2017-12-23 00:00:00','2017-12-29 00:00:00','K','2019-12-05 10:23:20',NULL),(34,3,840.0,960.0,'2018-02-21 00:00:00','2018-02-23 00:00:00','K','2019-12-05 10:23:20',NULL),(35,3,960.0,1380.0,'2018-08-14 00:00:00','2018-08-14 00:00:00','D','2019-12-05 10:23:20',NULL),(36,3,1380.0,1600.0,'2018-11-07 00:00:00','2018-11-13 00:00:00','D','2019-12-05 10:23:20',NULL),(37,3,1600.0,1620.0,'2019-02-17 00:00:00','2019-02-21 00:00:00','D','2019-12-05 10:23:20',NULL),(38,3,1620.0,2240.0,'2019-08-11 00:00:00','2019-08-17 00:00:00','K','2019-12-05 10:23:20',NULL),(39,3,2240.0,2860.0,'2019-11-27 00:00:00','2019-12-02 00:00:00','K','2019-12-05 10:23:20',NULL),(40,3,2860.0,3080.0,'2020-05-05 00:00:00','2020-05-06 00:00:00','K','2019-12-05 10:23:20',NULL),(41,3,3080.0,3700.0,'2020-05-29 00:00:00','2020-06-02 00:00:00','K','2019-12-05 10:23:20',NULL),(42,3,3700.0,3820.0,'2020-09-11 00:00:00','2020-09-16 00:00:00','D','2019-12-05 10:23:20',NULL),(43,3,3820.0,3940.0,'2020-12-21 00:00:00','2020-12-21 00:00:00','K','2019-12-05 10:23:20',NULL),(44,3,3940.0,4660.0,'2021-05-30 00:00:00','2021-06-04 00:00:00','D','2019-12-05 10:23:20',NULL),(45,3,4660.0,5380.0,'2021-11-18 00:00:00','2021-11-25 00:00:00','K','2019-12-05 10:23:20',NULL),(46,4,100.0,520.0,'2014-03-12 00:00:00','2014-03-18 00:00:00','K','2019-12-05 10:23:20',NULL),(47,4,520.0,1140.0,'2014-07-22 00:00:00','2014-07-27 00:00:00','D','2019-12-05 10:23:20',NULL),(48,4,1140.0,1760.0,'2015-01-10 00:00:00','2015-01-17 00:00:00','K','2019-12-05 10:23:20',NULL),(49,4,1760.0,1880.0,'2015-04-28 00:00:00','2015-04-28 00:00:00','K','2019-12-05 10:23:20',NULL),(50,4,1880.0,2500.0,'2015-09-09 00:00:00','2015-09-11 00:00:00','K','2019-12-05 10:23:20',NULL),(51,4,2500.0,2520.0,'2015-10-04 00:00:00','2015-10-04 00:00:00','D','2019-12-05 10:23:20',NULL),(52,4,2520.0,2640.0,'2016-03-03 00:00:00','2016-03-08 00:00:00','D','2019-12-05 10:23:20',NULL),(53,4,2640.0,2760.0,'2016-05-23 00:00:00','2016-05-26 00:00:00','D','2019-12-05 10:23:20',NULL),(54,4,2760.0,3480.0,'2016-05-27 00:00:00','2016-06-03 00:00:00','D','2019-12-05 10:23:20',NULL),(55,4,3480.0,3900.0,'2016-07-13 00:00:00','2016-07-19 00:00:00','K','2019-12-05 10:23:20',NULL),(56,4,3900.0,4320.0,'2016-07-23 00:00:00','2016-07-23 00:00:00','D','2019-12-05 10:23:20',NULL),(57,4,4320.0,5040.0,'2016-11-12 00:00:00','2016-11-17 00:00:00','K','2019-12-05 10:23:20',NULL),(58,4,5040.0,5260.0,'2017-02-10 00:00:00','2017-02-14 00:00:00','D','2019-12-05 10:23:20',NULL),(59,5,1400.0,1420.0,'2014-11-11 00:00:00','2014-11-14 00:00:00','K','2019-12-05 10:23:20',NULL),(60,5,1420.0,1740.0,'2015-04-10 00:00:00','2015-04-15 00:00:00','K','2019-12-05 10:23:20',NULL),(61,5,1740.0,1860.0,'2015-05-25 00:00:00','2015-05-26 00:00:00','K','2019-12-05 10:23:20',NULL),(62,5,1860.0,2280.0,'2015-10-04 00:00:00','2015-10-04 00:00:00','D','2019-12-05 10:23:20',NULL),(63,5,2280.0,2300.0,'2016-01-31 00:00:00','2016-02-07 00:00:00','K','2019-12-05 10:23:20',NULL),(64,5,2300.0,2920.0,'2016-02-19 00:00:00','2016-02-21 00:00:00','D','2019-12-05 10:23:20',NULL),(65,5,2920.0,3540.0,'2016-06-07 00:00:00','2016-06-09 00:00:00','K','2019-12-05 10:23:20',NULL),(66,5,3540.0,3560.0,'2016-10-01 00:00:00','2016-10-07 00:00:00','D','2019-12-05 10:23:20',NULL),(67,5,3560.0,3680.0,'2016-11-27 00:00:00','2016-12-04 00:00:00','D','2019-12-05 10:23:20',NULL),(68,5,3680.0,4000.0,'2017-01-20 00:00:00','2017-01-24 00:00:00','D','2019-12-05 10:23:20',NULL),(69,5,4000.0,4620.0,'2017-06-14 00:00:00','2017-06-21 00:00:00','K','2019-12-05 10:23:20',NULL),(70,5,4620.0,5040.0,'2017-11-23 00:00:00','2017-11-25 00:00:00','D','2019-12-05 10:23:20',NULL),(71,5,5040.0,5560.0,'2018-05-24 00:00:00','2018-05-26 00:00:00','D','2019-12-05 10:23:20',NULL),(72,5,5560.0,5680.0,'2018-10-26 00:00:00','2018-10-26 00:00:00','K','2019-12-05 10:23:20',NULL),(73,5,5680.0,5800.0,'2018-11-24 00:00:00','2018-11-27 00:00:00','K','2019-12-05 10:23:20',NULL),(74,5,5800.0,6120.0,'2019-03-21 00:00:00','2019-03-28 00:00:00','D','2019-12-05 10:23:20',NULL),(75,5,6120.0,6140.0,'2019-08-29 00:00:00','2019-09-03 00:00:00','D','2019-12-05 10:23:20',NULL),(76,5,6140.0,6860.0,'2019-10-17 00:00:00','2019-10-20 00:00:00','D','2019-12-05 10:23:20',NULL),(77,5,6860.0,7380.0,'2020-02-17 00:00:00','2020-02-19 00:00:00','K','2019-12-05 10:23:20',NULL),(78,5,7380.0,8000.0,'2020-07-26 00:00:00','2020-07-31 00:00:00','K','2019-12-05 10:23:20',NULL),(79,6,1400.0,1620.0,'2014-12-09 00:00:00','2014-12-14 00:00:00','D','2019-12-05 10:23:20',NULL),(80,6,1620.0,2040.0,'2015-01-30 00:00:00','2015-02-02 00:00:00','D','2019-12-05 10:23:20',NULL),(81,6,2040.0,2160.0,'2015-07-27 00:00:00','2015-07-29 00:00:00','D','2019-12-05 10:23:20',NULL),(82,6,2160.0,2380.0,'2015-07-30 00:00:00','2015-08-06 00:00:00','K','2019-12-05 10:23:20',NULL),(83,6,2380.0,2800.0,'2015-12-04 00:00:00','2015-12-10 00:00:00','D','2019-12-05 10:23:20',NULL),(84,6,2800.0,3520.0,'2016-02-07 00:00:00','2016-02-09 00:00:00','D','2019-12-05 10:23:20',NULL),(85,6,3520.0,3540.0,'2016-04-24 00:00:00','2016-05-01 00:00:00','D','2019-12-05 10:23:20',NULL),(86,6,3540.0,3760.0,'2016-08-21 00:00:00','2016-08-21 00:00:00','K','2019-12-05 10:23:20',NULL),(87,6,3760.0,3980.0,'2017-01-24 00:00:00','2017-01-30 00:00:00','D','2019-12-05 10:23:20',NULL),(88,6,3980.0,4200.0,'2017-06-02 00:00:00','2017-06-09 00:00:00','D','2019-12-05 10:23:20',NULL),(89,6,4200.0,4820.0,'2017-07-23 00:00:00','2017-07-24 00:00:00','D','2019-12-05 10:23:20',NULL),(90,7,300.0,620.0,'2015-03-14 00:00:00','2015-03-18 00:00:00','D','2019-12-05 10:23:20',NULL),(91,7,620.0,1240.0,'2015-04-05 00:00:00','2015-04-08 00:00:00','K','2019-12-05 10:23:20',NULL),(92,7,1240.0,1260.0,'2015-10-05 00:00:00','2015-10-10 00:00:00','D','2019-12-05 10:23:20',NULL),(93,7,1260.0,1980.0,'2016-02-15 00:00:00','2016-02-19 00:00:00','K','2019-12-05 10:23:20',NULL),(94,7,1980.0,2300.0,'2016-05-15 00:00:00','2016-05-16 00:00:00','D','2019-12-05 10:23:20',NULL),(95,7,2300.0,2520.0,'2016-06-11 00:00:00','2016-06-18 00:00:00','D','2019-12-05 10:23:20',NULL),(96,7,2520.0,3140.0,'2016-09-10 00:00:00','2016-09-17 00:00:00','K','2019-12-05 10:23:20',NULL),(97,7,3140.0,3260.0,'2016-11-12 00:00:00','2016-11-17 00:00:00','D','2019-12-05 10:23:20',NULL),(98,7,3260.0,3980.0,'2016-12-06 00:00:00','2016-12-08 00:00:00','D','2019-12-05 10:23:20',NULL),(99,7,3980.0,4300.0,'2017-04-09 00:00:00','2017-04-09 00:00:00','K','2019-12-05 10:23:20',NULL),(100,7,4300.0,4520.0,'2017-04-13 00:00:00','2017-04-16 00:00:00','K','2019-12-05 10:23:20',NULL),(101,7,4520.0,5040.0,'2017-05-17 00:00:00','2017-05-18 00:00:00','D','2019-12-05 10:23:20',NULL),(102,7,5040.0,5360.0,'2017-10-14 00:00:00','2017-10-17 00:00:00','K','2019-12-05 10:23:20',NULL),(103,8,1300.0,2020.0,'2015-09-03 00:00:00','2015-09-03 00:00:00','D','2019-12-05 10:23:20',NULL),(104,8,2020.0,2540.0,'2015-11-17 00:00:00','2015-11-23 00:00:00','K','2019-12-05 10:23:20',NULL),(105,8,2540.0,3160.0,'2016-04-09 00:00:00','2016-04-11 00:00:00','D','2019-12-05 10:23:20',NULL),(106,8,3160.0,3280.0,'2016-09-08 00:00:00','2016-09-12 00:00:00','K','2019-12-05 10:23:20',NULL),(107,8,3280.0,3300.0,'2016-09-14 00:00:00','2016-09-17 00:00:00','D','2019-12-05 10:23:20',NULL),(108,8,3300.0,3520.0,'2016-09-25 00:00:00','2016-10-02 00:00:00','K','2019-12-05 10:23:20',NULL),(109,8,3520.0,4040.0,'2016-10-26 00:00:00','2016-10-26 00:00:00','D','2019-12-05 10:23:20',NULL),(110,8,4040.0,4060.0,'2016-12-14 00:00:00','2016-12-17 00:00:00','K','2019-12-05 10:23:20',NULL),(111,8,4060.0,4280.0,'2017-01-06 00:00:00','2017-01-12 00:00:00','D','2019-12-05 10:23:20',NULL),(112,8,4280.0,5000.0,'2017-05-01 00:00:00','2017-05-07 00:00:00','K','2019-12-05 10:23:20',NULL),(113,8,5000.0,5020.0,'2017-08-15 00:00:00','2017-08-19 00:00:00','D','2019-12-05 10:23:20',NULL),(114,8,5020.0,5240.0,'2017-08-22 00:00:00','2017-08-26 00:00:00','K','2019-12-05 10:23:20',NULL),(115,8,5240.0,5760.0,'2018-01-16 00:00:00','2018-01-21 00:00:00','K','2019-12-05 10:23:20',NULL),(116,8,5760.0,5980.0,'2018-06-29 00:00:00','2018-07-02 00:00:00','D','2019-12-05 10:23:20',NULL),(117,8,5980.0,6600.0,'2018-12-29 00:00:00','2019-01-05 00:00:00','K','2019-12-05 10:23:20',NULL),(118,8,6600.0,6920.0,'2019-03-21 00:00:00','2019-03-21 00:00:00','K','2019-12-05 10:23:20',NULL),(119,8,6920.0,7540.0,'2019-06-12 00:00:00','2019-06-18 00:00:00','K','2019-12-05 10:23:20',NULL),(120,8,7540.0,7960.0,'2019-07-27 00:00:00','2019-08-01 00:00:00','K','2019-12-05 10:23:20',NULL),(121,8,7960.0,7980.0,'2019-10-06 00:00:00','2019-10-06 00:00:00','D','2019-12-05 10:23:20',NULL),(122,9,400.0,720.0,'2014-12-09 00:00:00','2014-12-09 00:00:00','K','2019-12-05 10:23:20',NULL),(123,9,720.0,1440.0,'2015-03-20 00:00:00','2015-03-27 00:00:00','K','2019-12-05 10:23:20',NULL),(124,9,1440.0,1560.0,'2015-09-19 00:00:00','2015-09-25 00:00:00','K','2019-12-05 10:23:20',NULL),(125,9,1560.0,2280.0,'2016-02-20 00:00:00','2016-02-23 00:00:00','K','2019-12-05 10:23:20',NULL),(126,9,2280.0,2700.0,'2016-03-03 00:00:00','2016-03-07 00:00:00','D','2019-12-05 10:23:20',NULL),(127,9,2700.0,3420.0,'2016-08-12 00:00:00','2016-08-12 00:00:00','D','2019-12-05 10:23:20',NULL),(128,9,3420.0,3640.0,'2017-01-15 00:00:00','2017-01-17 00:00:00','K','2019-12-05 10:23:20',NULL),(129,9,3640.0,3860.0,'2017-06-30 00:00:00','2017-06-30 00:00:00','K','2019-12-05 10:23:20',NULL),(130,9,3860.0,4180.0,'2017-11-04 00:00:00','2017-11-10 00:00:00','D','2019-12-05 10:23:20',NULL),(131,9,4180.0,4700.0,'2017-12-08 00:00:00','2017-12-10 00:00:00','D','2019-12-05 10:23:20',NULL),(132,9,4700.0,4720.0,'2017-12-19 00:00:00','2017-12-22 00:00:00','D','2019-12-05 10:23:20',NULL),(133,9,4720.0,4740.0,'2018-01-19 00:00:00','2018-01-24 00:00:00','D','2019-12-05 10:23:20',NULL),(134,9,4740.0,5360.0,'2018-01-27 00:00:00','2018-01-27 00:00:00','K','2019-12-05 10:23:20',NULL),(135,9,5360.0,5580.0,'2018-06-27 00:00:00','2018-06-27 00:00:00','D','2019-12-05 10:23:20',NULL),(136,9,5580.0,6200.0,'2018-11-24 00:00:00','2018-11-24 00:00:00','K','2019-12-05 10:23:20',NULL),(137,9,6200.0,6220.0,'2019-02-12 00:00:00','2019-02-17 00:00:00','D','2019-12-05 10:23:20',NULL),(138,9,6220.0,6440.0,'2019-06-21 00:00:00','2019-06-25 00:00:00','D','2019-12-05 10:23:20',NULL),(139,9,6440.0,7160.0,'2019-10-30 00:00:00','2019-11-03 00:00:00','K','2019-12-05 10:23:20',NULL),(140,9,7160.0,7480.0,'2020-04-29 00:00:00','2020-05-01 00:00:00','D','2019-12-05 10:23:20',NULL),(141,9,7480.0,8000.0,'2020-10-15 00:00:00','2020-10-16 00:00:00','D','2019-12-05 10:23:20',NULL),(142,10,300.0,520.0,'2014-01-29 00:00:00','2014-01-30 00:00:00','D','2019-12-05 10:23:20',NULL),(143,10,520.0,640.0,'2014-04-22 00:00:00','2014-04-27 00:00:00','K','2019-12-05 10:23:20',NULL),(144,10,640.0,860.0,'2014-06-04 00:00:00','2014-06-05 00:00:00','K','2019-12-05 10:23:20',NULL),(145,10,860.0,880.0,'2014-06-30 00:00:00','2014-07-05 00:00:00','D','2019-12-05 10:23:20',NULL),(146,10,880.0,1500.0,'2014-10-23 00:00:00','2014-10-24 00:00:00','K','2019-12-05 10:23:20',NULL),(147,10,1500.0,1720.0,'2015-03-19 00:00:00','2015-03-20 00:00:00','K','2019-12-05 10:23:20',NULL),(148,10,1720.0,2140.0,'2015-08-09 00:00:00','2015-08-16 00:00:00','D','2019-12-05 10:23:20',NULL),(149,10,2140.0,2660.0,'2015-12-01 00:00:00','2015-12-03 00:00:00','K','2019-12-05 10:23:20',NULL),(150,10,2660.0,2680.0,'2015-12-20 00:00:00','2015-12-20 00:00:00','D','2019-12-05 10:23:20',NULL),(151,10,2680.0,3400.0,'2015-12-21 00:00:00','2015-12-23 00:00:00','D','2019-12-05 10:23:20',NULL),(152,10,3400.0,3820.0,'2016-04-28 00:00:00','2016-05-01 00:00:00','K','2019-12-05 10:23:20',NULL),(153,10,3820.0,4540.0,'2016-08-19 00:00:00','2016-08-20 00:00:00','D','2019-12-05 10:23:20',NULL),(154,10,4540.0,4960.0,'2016-10-28 00:00:00','2016-11-01 00:00:00','D','2019-12-05 10:23:20',NULL),(155,10,4960.0,5180.0,'2017-02-17 00:00:00','2017-02-23 00:00:00','K','2019-12-05 10:23:20',NULL),(156,11,800.0,820.0,'2014-07-02 00:00:00','2014-07-06 00:00:00','K','2019-12-05 10:23:20',NULL),(157,11,820.0,840.0,'2014-11-12 00:00:00','2014-11-19 00:00:00','D','2019-12-05 10:23:20',NULL),(158,11,840.0,860.0,'2015-01-09 00:00:00','2015-01-16 00:00:00','K','2019-12-05 10:23:20',NULL),(159,11,860.0,980.0,'2015-01-25 00:00:00','2015-01-27 00:00:00','D','2019-12-05 10:23:20',NULL),(160,11,980.0,1600.0,'2015-02-15 00:00:00','2015-02-19 00:00:00','D','2019-12-05 10:23:20',NULL),(161,11,1600.0,1820.0,'2015-07-20 00:00:00','2015-07-27 00:00:00','K','2019-12-05 10:23:20',NULL),(162,11,1820.0,2440.0,'2015-10-22 00:00:00','2015-10-26 00:00:00','D','2019-12-05 10:23:20',NULL),(163,11,2440.0,2660.0,'2016-04-17 00:00:00','2016-04-19 00:00:00','K','2019-12-05 10:23:20',NULL),(164,11,2660.0,3080.0,'2016-07-15 00:00:00','2016-07-19 00:00:00','D','2019-12-05 10:23:20',NULL),(165,11,3080.0,3200.0,'2016-07-24 00:00:00','2016-07-31 00:00:00','D','2019-12-05 10:23:20',NULL),(166,11,3200.0,3220.0,'2017-01-08 00:00:00','2017-01-10 00:00:00','D','2019-12-05 10:23:20',NULL),(167,12,200.0,820.0,'2014-02-19 00:00:00','2014-02-24 00:00:00','D','2019-12-05 10:23:20',NULL),(168,12,820.0,1440.0,'2014-06-06 00:00:00','2014-06-12 00:00:00','D','2019-12-05 10:23:20',NULL),(169,12,1440.0,1460.0,'2014-08-23 00:00:00','2014-08-25 00:00:00','D','2019-12-05 10:23:20',NULL),(170,12,1460.0,1880.0,'2014-09-08 00:00:00','2014-09-11 00:00:00','D','2019-12-05 10:23:20',NULL),(171,12,1880.0,2200.0,'2015-01-21 00:00:00','2015-01-26 00:00:00','D','2019-12-05 10:23:20',NULL),(172,12,2200.0,2820.0,'2015-06-19 00:00:00','2015-06-25 00:00:00','D','2019-12-05 10:23:20',NULL),(173,12,2820.0,2840.0,'2015-11-09 00:00:00','2015-11-16 00:00:00','K','2019-12-05 10:23:20',NULL),(174,12,2840.0,2860.0,'2016-03-10 00:00:00','2016-03-13 00:00:00','D','2019-12-05 10:23:20',NULL),(175,12,2860.0,2880.0,'2016-04-18 00:00:00','2016-04-21 00:00:00','K','2019-12-05 10:23:20',NULL),(176,12,2880.0,3100.0,'2016-09-24 00:00:00','2016-09-27 00:00:00','K','2019-12-05 10:23:20',NULL),(177,12,3100.0,3420.0,'2016-10-27 00:00:00','2016-10-27 00:00:00','D','2019-12-05 10:23:20',NULL),(178,13,1300.0,1920.0,'2014-02-02 00:00:00','2014-02-05 00:00:00','K','2019-12-05 10:23:20',NULL),(179,13,1920.0,1940.0,'2014-03-22 00:00:00','2014-03-23 00:00:00','K','2019-12-05 10:23:20',NULL),(180,13,1940.0,2160.0,'2014-08-14 00:00:00','2014-08-18 00:00:00','D','2019-12-05 10:23:20',NULL),(181,13,2160.0,2880.0,'2014-09-07 00:00:00','2014-09-08 00:00:00','D','2019-12-05 10:23:20',NULL),(182,13,2880.0,3000.0,'2014-10-15 00:00:00','2014-10-16 00:00:00','K','2019-12-05 10:23:20',NULL),(183,13,3000.0,3420.0,'2015-02-23 00:00:00','2015-02-27 00:00:00','K','2019-12-05 10:23:20',NULL),(184,13,3420.0,3640.0,'2015-08-22 00:00:00','2015-08-28 00:00:00','D','2019-12-05 10:23:20',NULL),(185,13,3640.0,3660.0,'2015-12-30 00:00:00','2016-01-05 00:00:00','D','2019-12-05 10:23:20',NULL),(186,13,3660.0,4180.0,'2016-06-16 00:00:00','2016-06-20 00:00:00','D','2019-12-05 10:23:20',NULL),(187,13,4180.0,4400.0,'2016-11-02 00:00:00','2016-11-02 00:00:00','D','2019-12-05 10:23:20',NULL),(188,14,700.0,920.0,'2014-08-14 00:00:00','2014-08-17 00:00:00','D','2019-12-05 10:23:20',NULL),(189,14,920.0,1240.0,'2015-01-14 00:00:00','2015-01-17 00:00:00','K','2019-12-05 10:23:20',NULL),(190,14,1240.0,1560.0,'2015-04-04 00:00:00','2015-04-08 00:00:00','K','2019-12-05 10:23:20',NULL),(191,14,1560.0,2080.0,'2015-08-25 00:00:00','2015-08-26 00:00:00','D','2019-12-05 10:23:20',NULL),(192,14,2080.0,2100.0,'2015-09-14 00:00:00','2015-09-14 00:00:00','D','2019-12-05 10:23:20',NULL),(193,14,2100.0,2520.0,'2016-02-09 00:00:00','2016-02-16 00:00:00','K','2019-12-05 10:23:20',NULL),(194,14,2520.0,3040.0,'2016-06-13 00:00:00','2016-06-19 00:00:00','D','2019-12-05 10:23:20',NULL),(195,14,3040.0,3560.0,'2016-10-10 00:00:00','2016-10-14 00:00:00','D','2019-12-05 10:23:20',NULL),(196,14,3560.0,3780.0,'2017-01-30 00:00:00','2017-02-04 00:00:00','D','2019-12-05 10:23:20',NULL),(197,14,3780.0,4500.0,'2017-02-14 00:00:00','2017-02-20 00:00:00','K','2019-12-05 10:23:20',NULL),(198,14,4500.0,4520.0,'2017-05-25 00:00:00','2017-05-26 00:00:00','K','2019-12-05 10:23:20',NULL),(199,14,4520.0,5240.0,'2017-09-18 00:00:00','2017-09-21 00:00:00','K','2019-12-05 10:23:20',NULL),(200,15,700.0,1020.0,'2014-10-08 00:00:00','2014-10-11 00:00:00','D','2019-12-05 10:23:20',NULL),(201,15,1020.0,1440.0,'2015-01-10 00:00:00','2015-01-12 00:00:00','K','2019-12-05 10:23:20',NULL),(202,15,1440.0,2160.0,'2015-06-04 00:00:00','2015-06-05 00:00:00','D','2019-12-05 10:23:20',NULL),(203,15,2160.0,2780.0,'2015-09-08 00:00:00','2015-09-08 00:00:00','D','2019-12-05 10:23:20',NULL),(204,15,2780.0,2900.0,'2016-01-19 00:00:00','2016-01-25 00:00:00','K','2019-12-05 10:23:20',NULL),(205,15,2900.0,3620.0,'2016-03-26 00:00:00','2016-03-30 00:00:00','K','2019-12-05 10:23:20',NULL),(206,15,3620.0,4240.0,'2016-05-23 00:00:00','2016-05-23 00:00:00','K','2019-12-05 10:23:20',NULL),(207,15,4240.0,4260.0,'2016-07-17 00:00:00','2016-07-17 00:00:00','K','2019-12-05 10:23:20',NULL),(208,15,4260.0,4380.0,'2016-09-06 00:00:00','2016-09-06 00:00:00','K','2019-12-05 10:23:20',NULL),(209,15,4380.0,5000.0,'2016-11-12 00:00:00','2016-11-18 00:00:00','K','2019-12-05 10:23:20',NULL),(210,15,5000.0,5020.0,'2017-02-24 00:00:00','2017-03-03 00:00:00','D','2019-12-05 10:23:20',NULL),(211,15,5020.0,5640.0,'2017-07-07 00:00:00','2017-07-12 00:00:00','D','2019-12-05 10:23:20',NULL),(212,15,5640.0,5660.0,'2017-07-24 00:00:00','2017-07-28 00:00:00','D','2019-12-05 10:23:20',NULL),(213,15,5660.0,6180.0,'2017-12-04 00:00:00','2017-12-10 00:00:00','D','2019-12-05 10:23:20',NULL),(214,15,6180.0,6700.0,'2018-05-17 00:00:00','2018-05-23 00:00:00','K','2019-12-05 10:23:20',NULL),(215,15,6700.0,7020.0,'2018-09-16 00:00:00','2018-09-19 00:00:00','K','2019-12-05 10:23:20',NULL),(216,15,7020.0,7140.0,'2019-01-25 00:00:00','2019-01-29 00:00:00','K','2019-12-05 10:23:20',NULL),(217,15,7140.0,7260.0,'2019-03-03 00:00:00','2019-03-05 00:00:00','D','2019-12-05 10:23:20',NULL),(218,16,300.0,1020.0,'2014-11-16 00:00:00','2014-11-16 00:00:00','D','2019-12-05 10:23:20',NULL),(219,16,1020.0,1440.0,'2015-02-08 00:00:00','2015-02-09 00:00:00','D','2019-12-05 10:23:20',NULL),(220,16,1440.0,1860.0,'2015-04-13 00:00:00','2015-04-13 00:00:00','K','2019-12-05 10:23:20',NULL),(221,16,1860.0,2480.0,'2015-05-17 00:00:00','2015-05-17 00:00:00','D','2019-12-05 10:23:20',NULL),(222,16,2480.0,3000.0,'2015-06-19 00:00:00','2015-06-25 00:00:00','D','2019-12-05 10:23:20',NULL),(223,16,3000.0,3120.0,'2015-10-01 00:00:00','2015-10-07 00:00:00','D','2019-12-05 10:23:20',NULL),(224,16,3120.0,3240.0,'2016-02-17 00:00:00','2016-02-20 00:00:00','D','2019-12-05 10:23:20',NULL),(225,16,3240.0,3460.0,'2016-04-10 00:00:00','2016-04-15 00:00:00','K','2019-12-05 10:23:20',NULL),(226,16,3460.0,3980.0,'2016-07-04 00:00:00','2016-07-05 00:00:00','D','2019-12-05 10:23:20',NULL),(227,16,3980.0,4700.0,'2016-08-24 00:00:00','2016-08-24 00:00:00','K','2019-12-05 10:23:20',NULL),(228,16,4700.0,5020.0,'2016-09-04 00:00:00','2016-09-11 00:00:00','D','2019-12-05 10:23:20',NULL),(229,16,5020.0,5140.0,'2016-12-03 00:00:00','2016-12-04 00:00:00','D','2019-12-05 10:23:20',NULL),(230,16,5140.0,5360.0,'2017-01-25 00:00:00','2017-01-27 00:00:00','K','2019-12-05 10:23:20',NULL),(231,16,5360.0,5680.0,'2017-07-23 00:00:00','2017-07-30 00:00:00','D','2019-12-05 10:23:20',NULL),(232,16,5680.0,6400.0,'2017-11-24 00:00:00','2017-11-30 00:00:00','K','2019-12-05 10:23:20',NULL),(233,16,6400.0,6520.0,'2018-03-24 00:00:00','2018-03-29 00:00:00','D','2019-12-05 10:23:20',NULL),(234,17,1500.0,1520.0,'2014-01-09 00:00:00','2014-01-12 00:00:00','K','2019-12-05 10:23:20',NULL),(235,17,1520.0,1640.0,'2014-03-01 00:00:00','2014-03-07 00:00:00','D','2019-12-05 10:23:20',NULL),(236,17,1640.0,2060.0,'2014-06-15 00:00:00','2014-06-17 00:00:00','D','2019-12-05 10:23:20',NULL),(237,17,2060.0,2580.0,'2014-07-17 00:00:00','2014-07-19 00:00:00','D','2019-12-05 10:23:20',NULL),(238,17,2580.0,3100.0,'2015-01-02 00:00:00','2015-01-03 00:00:00','K','2019-12-05 10:23:20',NULL),(239,17,3100.0,3720.0,'2015-03-16 00:00:00','2015-03-19 00:00:00','K','2019-12-05 10:23:20',NULL),(240,17,3720.0,3940.0,'2015-07-23 00:00:00','2015-07-30 00:00:00','D','2019-12-05 10:23:20',NULL),(241,17,3940.0,4060.0,'2015-11-23 00:00:00','2015-11-30 00:00:00','K','2019-12-05 10:23:20',NULL),(242,17,4060.0,4780.0,'2015-12-10 00:00:00','2015-12-13 00:00:00','K','2019-12-05 10:23:20',NULL),(243,17,4780.0,4800.0,'2016-04-16 00:00:00','2016-04-19 00:00:00','D','2019-12-05 10:23:20',NULL),(244,17,4800.0,5320.0,'2016-07-27 00:00:00','2016-07-28 00:00:00','D','2019-12-05 10:23:20',NULL),(245,17,5320.0,5740.0,'2016-12-23 00:00:00','2016-12-25 00:00:00','D','2019-12-05 10:23:20',NULL),(246,17,5740.0,6260.0,'2017-02-12 00:00:00','2017-02-14 00:00:00','K','2019-12-05 10:23:20',NULL),(247,18,500.0,1020.0,'2014-12-25 00:00:00','2014-12-28 00:00:00','K','2019-12-05 10:23:20',NULL),(248,18,1020.0,1640.0,'2015-04-23 00:00:00','2015-04-30 00:00:00','D','2019-12-05 10:23:20',NULL),(249,18,1640.0,2160.0,'2015-06-27 00:00:00','2015-06-30 00:00:00','K','2019-12-05 10:23:20',NULL),(250,18,2160.0,2780.0,'2015-12-18 00:00:00','2015-12-19 00:00:00','K','2019-12-05 10:23:20',NULL),(251,18,2780.0,2800.0,'2015-12-23 00:00:00','2015-12-29 00:00:00','K','2019-12-05 10:23:20',NULL),(252,18,2800.0,3520.0,'2015-12-30 00:00:00','2016-01-02 00:00:00','K','2019-12-05 10:23:20',NULL),(253,18,3520.0,4040.0,'2016-05-19 00:00:00','2016-05-20 00:00:00','K','2019-12-05 10:23:20',NULL),(254,18,4040.0,4360.0,'2016-09-06 00:00:00','2016-09-09 00:00:00','K','2019-12-05 10:23:20',NULL),(255,18,4360.0,4580.0,'2016-12-08 00:00:00','2016-12-13 00:00:00','D','2019-12-05 10:23:20',NULL),(256,18,4580.0,5000.0,'2017-03-26 00:00:00','2017-03-27 00:00:00','K','2019-12-05 10:23:20',NULL),(257,19,1500.0,1920.0,'2014-03-03 00:00:00','2014-03-05 00:00:00','D','2019-12-05 10:23:20',NULL),(258,19,1920.0,2540.0,'2014-08-04 00:00:00','2014-08-11 00:00:00','K','2019-12-05 10:23:20',NULL),(259,19,2540.0,2960.0,'2014-11-24 00:00:00','2014-11-26 00:00:00','D','2019-12-05 10:23:20',NULL),(260,19,2960.0,3080.0,'2015-03-05 00:00:00','2015-03-08 00:00:00','D','2019-12-05 10:23:20',NULL),(261,19,3080.0,3800.0,'2015-04-12 00:00:00','2015-04-17 00:00:00','K','2019-12-05 10:23:20',NULL),(262,19,3800.0,4220.0,'2015-05-18 00:00:00','2015-05-24 00:00:00','D','2019-12-05 10:23:20',NULL),(263,19,4220.0,4740.0,'2015-07-05 00:00:00','2015-07-06 00:00:00','D','2019-12-05 10:23:20',NULL),(264,19,4740.0,5460.0,'2015-09-29 00:00:00','2015-09-29 00:00:00','K','2019-12-05 10:23:20',NULL),(265,19,5460.0,5880.0,'2016-01-11 00:00:00','2016-01-13 00:00:00','D','2019-12-05 10:23:20',NULL),(266,19,5880.0,6500.0,'2016-04-28 00:00:00','2016-05-03 00:00:00','D','2019-12-05 10:23:20',NULL),(267,19,6500.0,6520.0,'2016-10-26 00:00:00','2016-11-02 00:00:00','D','2019-12-05 10:23:20',NULL),(268,19,6520.0,6740.0,'2017-02-06 00:00:00','2017-02-06 00:00:00','K','2019-12-05 10:23:20',NULL),(269,19,6740.0,7160.0,'2017-02-15 00:00:00','2017-02-22 00:00:00','D','2019-12-05 10:23:20',NULL),(270,19,7160.0,7280.0,'2017-04-26 00:00:00','2017-04-30 00:00:00','K','2019-12-05 10:23:20',NULL),(271,19,7280.0,7500.0,'2017-06-27 00:00:00','2017-06-29 00:00:00','D','2019-12-05 10:23:20',NULL),(272,19,7500.0,7920.0,'2017-11-07 00:00:00','2017-11-09 00:00:00','D','2019-12-05 10:23:20',NULL),(273,19,7920.0,7940.0,'2018-04-06 00:00:00','2018-04-07 00:00:00','D','2019-12-05 10:23:20',NULL),(274,19,7940.0,8260.0,'2018-07-02 00:00:00','2018-07-06 00:00:00','D','2019-12-05 10:23:20',NULL),(275,19,8260.0,8280.0,'2018-08-04 00:00:00','2018-08-11 00:00:00','K','2019-12-05 10:23:20',NULL),(276,19,8280.0,8700.0,'2018-08-29 00:00:00','2018-08-29 00:00:00','D','2019-12-05 10:23:20',NULL),(277,19,8700.0,8820.0,'2019-02-16 00:00:00','2019-02-19 00:00:00','K','2019-12-05 10:23:20',NULL),(278,20,800.0,1220.0,'2014-07-16 00:00:00','2014-07-17 00:00:00','K','2019-12-05 10:23:20',NULL),(279,20,1220.0,1240.0,'2014-12-23 00:00:00','2014-12-28 00:00:00','K','2019-12-05 10:23:20',NULL),(280,20,1240.0,1660.0,'2015-05-04 00:00:00','2015-05-05 00:00:00','K','2019-12-05 10:23:20',NULL),(281,20,1660.0,2180.0,'2015-07-26 00:00:00','2015-07-30 00:00:00','K','2019-12-05 10:23:20',NULL),(282,20,2180.0,2200.0,'2015-12-07 00:00:00','2015-12-12 00:00:00','D','2019-12-05 10:23:20',NULL),(283,20,2200.0,2520.0,'2016-03-03 00:00:00','2016-03-09 00:00:00','K','2019-12-05 10:23:20',NULL),(284,20,2520.0,3240.0,'2016-06-03 00:00:00','2016-06-06 00:00:00','D','2019-12-05 10:23:20',NULL),(285,20,3240.0,3760.0,'2016-08-11 00:00:00','2016-08-12 00:00:00','K','2019-12-05 10:23:20',NULL),(286,20,3760.0,3980.0,'2016-09-03 00:00:00','2016-09-06 00:00:00','K','2019-12-05 10:23:20',NULL),(287,20,3980.0,4700.0,'2017-01-21 00:00:00','2017-01-23 00:00:00','D','2019-12-05 10:23:20',NULL),(288,20,4700.0,4820.0,'2017-04-01 00:00:00','2017-04-07 00:00:00','K','2019-12-05 10:23:20',NULL),(289,21,1400.0,1920.0,'2014-09-20 00:00:00','2014-09-25 00:00:00','D','2019-12-05 10:23:20',NULL),(290,21,1920.0,2040.0,'2015-01-17 00:00:00','2015-01-20 00:00:00','D','2019-12-05 10:23:20',NULL),(291,21,2040.0,2560.0,'2015-06-04 00:00:00','2015-06-07 00:00:00','K','2019-12-05 10:23:20',NULL),(292,21,2560.0,2880.0,'2015-09-22 00:00:00','2015-09-22 00:00:00','K','2019-12-05 10:23:20',NULL),(293,21,2880.0,3100.0,'2015-10-12 00:00:00','2015-10-17 00:00:00','K','2019-12-05 10:23:20',NULL),(294,21,3100.0,3320.0,'2016-01-05 00:00:00','2016-01-05 00:00:00','K','2019-12-05 10:23:20',NULL),(295,21,3320.0,3540.0,'2016-06-07 00:00:00','2016-06-13 00:00:00','K','2019-12-05 10:23:20',NULL),(296,21,3540.0,3760.0,'2016-08-19 00:00:00','2016-08-25 00:00:00','K','2019-12-05 10:23:20',NULL),(297,21,3760.0,3880.0,'2017-01-30 00:00:00','2017-02-01 00:00:00','D','2019-12-05 10:23:20',NULL),(298,21,3880.0,4300.0,'2017-02-20 00:00:00','2017-02-25 00:00:00','D','2019-12-05 10:23:20',NULL),(299,21,4300.0,4720.0,'2017-06-01 00:00:00','2017-06-02 00:00:00','K','2019-12-05 10:23:20',NULL),(300,21,4720.0,5040.0,'2017-11-04 00:00:00','2017-11-04 00:00:00','K','2019-12-05 10:23:20',NULL);
/*!40000 ALTER TABLE `rentals` ENABLE KEYS */;
UNLOCK TABLES;

--
-- Table structure for table `services`
--

DROP TABLE IF EXISTS `services`;
/*!40101 SET @saved_cs_client     = @@character_set_client */;
/*!40101 SET character_set_client = utf8 */;
CREATE TABLE `services` (
  `id` bigint(20) unsigned NOT NULL AUTO_INCREMENT,
  `vehicle_id` bigint(20) unsigned NOT NULL DEFAULT '0',
  `odometer` decimal(9,1) unsigned NOT NULL DEFAULT '0.0',
  `serviced_at` datetime NOT NULL DEFAULT CURRENT_TIMESTAMP,
  `created` datetime NOT NULL DEFAULT CURRENT_TIMESTAMP,
  `updated` datetime DEFAULT NULL ON UPDATE CURRENT_TIMESTAMP,
  PRIMARY KEY (`id`),
  KEY `vehicle_id` (`vehicle_id`),
  CONSTRAINT `services_ibfk_1` FOREIGN KEY (`vehicle_id`) REFERENCES `vehicles` (`id`) ON DELETE CASCADE
) ENGINE=InnoDB AUTO_INCREMENT=22 DEFAULT CHARSET=utf8mb4;
/*!40101 SET character_set_client = @saved_cs_client */;

--
-- Dumping data for table `services`
--

LOCK TABLES `services` WRITE;
/*!40000 ALTER TABLE `services` DISABLE KEYS */;
INSERT INTO `services` VALUES (1,1,0.0,'2010-02-23 00:00:00','2019-12-05 10:23:20',NULL),(2,2,0.0,'2010-06-01 00:00:00','2019-12-05 10:23:20',NULL),(3,3,0.0,'2010-01-01 00:00:00','2019-12-05 10:23:20',NULL),(4,4,0.0,'2010-05-01 00:00:00','2019-12-05 10:23:20',NULL),(5,5,0.0,'2010-06-05 00:00:00','2019-12-05 10:23:20',NULL),(6,6,0.0,'2010-05-01 00:00:00','2019-12-05 10:23:20',NULL),(7,7,0.0,'2010-07-31 00:00:00','2019-12-05 10:23:20',NULL),(8,8,0.0,'2010-09-13 00:00:00','2019-12-05 10:23:20',NULL),(9,9,0.0,'2010-03-27 00:00:00','2019-12-05 10:23:20',NULL),(10,10,0.0,'2010-09-06 00:00:00','2019-12-05 10:23:20',NULL),(11,11,0.0,'2010-11-05 00:00:00','2019-12-05 10:23:20',NULL),(12,12,0.0,'2010-05-10 00:00:00','2019-12-05 10:23:20',NULL),(13,13,0.0,'2010-08-20 00:00:00','2019-12-05 10:23:20',NULL),(14,14,0.0,'2010-03-29 00:00:00','2019-12-05 10:23:20',NULL),(15,15,0.0,'2010-07-06 00:00:00','2019-12-05 10:23:20',NULL),(16,16,0.0,'2010-11-10 00:00:00','2019-12-05 10:23:20',NULL),(17,17,0.0,'2010-09-27 00:00:00','2019-12-05 10:23:20',NULL),(18,18,0.0,'2010-08-29 00:00:00','2019-12-05 10:23:20',NULL),(19,19,0.0,'2010-07-25 00:00:00','2019-12-05 10:23:20',NULL),(20,20,0.0,'2010-10-28 00:00:00','2019-12-05 10:23:20',NULL),(21,21,0.0,'2010-01-08 00:00:00','2019-12-05 10:23:20',NULL);
/*!40000 ALTER TABLE `services` ENABLE KEYS */;
UNLOCK TABLES;

--
-- Table structure for table `vehicles`
--

DROP TABLE IF EXISTS `vehicles`;
/*!40101 SET @saved_cs_client     = @@character_set_client */;
/*!40101 SET character_set_client = utf8 */;
CREATE TABLE `vehicles` (
  `id` bigint(20) unsigned NOT NULL AUTO_INCREMENT,
  `make` varchar(64) NOT NULL DEFAULT 'unknown',
  `model` varchar(128) NOT NULL,
  `release_year` int(4) unsigned zerofill NOT NULL DEFAULT '0001',
  `registration` varchar(16) NOT NULL,
  `fuel` varchar(8) NOT NULL DEFAULT 'unknown',
  `tank_size` decimal(4,1) unsigned DEFAULT NULL,
  `initials` varchar(4) NOT NULL DEFAULT 'xxx',
  `created` datetime NOT NULL DEFAULT CURRENT_TIMESTAMP,
  `updated` datetime DEFAULT NULL ON UPDATE CURRENT_TIMESTAMP,
  PRIMARY KEY (`id`)
) ENGINE=InnoDB AUTO_INCREMENT=22 DEFAULT CHARSET=utf8mb4;
/*!40101 SET character_set_client = @saved_cs_client */;

--
-- Dumping data for table `vehicles`
--

LOCK TABLES `vehicles` WRITE;
/*!40000 ALTER TABLE `vehicles` DISABLE KEYS */;
INSERT INTO `vehicles` VALUES (1,'Ariel','Atom 4',2019,'1ARI444','Petrol',40.0,'DC','2019-12-05 10:23:19',NULL),(2,'BMW','X5',2006,'1BGZ784','Petrol',93.0,'GG','2019-12-05 10:23:20',NULL),(3,'Holden','Commodore Sportwagon RS-V',2019,'1DWU656','Petrol',50.0,'HS','2019-12-05 10:23:20',NULL),(4,'Holden','Barina',2018,'0','0',45.0,'KF','2019-12-05 10:23:20',NULL),(5,'Ford','Ranger XL',2015,'1GVL526','Diesel',80.0,'DL','2019-12-05 10:23:20',NULL),(6,'Tesla','Roadster',2008,'8HDZ576','Electric',0.0,'FM','2019-12-05 10:23:20',NULL),(7,'Holden','Commodore LT ',2018,'1GXI000','Diesel',61.0,'MC','2019-12-05 10:23:20',NULL),(8,'Mitsubishi','0',0000,'0','0',45.0,'0','2019-12-05 10:23:20',NULL),(9,'BMW','Z4',2019,'HMM B33R','Petrol',52.0,'LW','2019-12-05 10:23:20',NULL),(10,'Hyundai','Sonata Premium',2018,'ICTPRG403','Gas',70.0,'CP','2019-12-05 10:23:20',NULL),(11,'Chevrlet','Cadillac',1959,'C4D1LL4C','Petrol',79.0,'MF','2019-12-05 10:23:20',NULL),(12,'Ford','Territory ',2014,'T3RR1TORY','Petrol',60.0,'MG','2019-12-05 10:23:20',NULL),(13,'Mitsubishi','Pajero GLS',2019,'2MCR657','Diesel',90.0,'MC','2019-12-05 10:23:20',NULL),(14,'Mitsubishi','Eclipse Cross ES (2WD)',2018,'1GGG292','Petrol',63.0,'DS','2019-12-05 10:23:20',NULL),(15,'Hyundai','Santa Fe Highlander CRDi Satin Dark',2019,'ICTPRG418','Diesel',71.0,'CP','2019-12-05 10:23:20',NULL),(16,'Bugatti','Veyron 16.4 Super Sport',2011,'1FST319','Petrol',100.0,'DS','2019-12-05 10:23:20',NULL),(17,'Toyota','Yaris',2019,'YGT427','Petrol',42.0,'HV','2019-12-05 10:23:20',NULL),(18,'Hyundai','Elantra SR Turbo',2017,'ICTPRG404','Gas',50.0,'CP','2019-12-05 10:23:20',NULL),(19,'Toyota','Corolla Hatch',2019,'CHT185','Petrol',50.0,'HV','2019-12-05 10:23:20',NULL),(20,'Land Rover','Defender',2015,'BCZ581','Diesel',60.0,'DL','2019-12-05 10:23:20',NULL),(21,'Ford','escape titanium',2019,'FR2917','Diesel',64.0,'mp','2019-12-05 10:23:20',NULL);
/*!40000 ALTER TABLE `vehicles` ENABLE KEYS */;
UNLOCK TABLES;
/*!40103 SET TIME_ZONE=@OLD_TIME_ZONE */;

/*!40101 SET SQL_MODE=@OLD_SQL_MODE */;
/*!40014 SET FOREIGN_KEY_CHECKS=@OLD_FOREIGN_KEY_CHECKS */;
/*!40014 SET UNIQUE_CHECKS=@OLD_UNIQUE_CHECKS */;
/*!40101 SET CHARACTER_SET_CLIENT=@OLD_CHARACTER_SET_CLIENT */;
/*!40101 SET CHARACTER_SET_RESULTS=@OLD_CHARACTER_SET_RESULTS */;
/*!40101 SET COLLATION_CONNECTION=@OLD_COLLATION_CONNECTION */;
/*!40111 SET SQL_NOTES=@OLD_SQL_NOTES */;

-- Dump completed on 2019-12-05 10:48:49
